,제목,장르,년도,줄거리,평점,연령 등급
0,카지노,,(2022),카지노의 왕이 된 한 남자! 모든 것을 잃은 후 생존과 목숨을 걸고 게임의 세계로 다시 복귀한다.,,
1,일타 스캔들,,(2023),대한민국 최고의 일타강사와 학부모 사이에서 벌어지는 해프닝을 그린 작품,,
2,더 글로리,,(2022),"고등학교 시절, 끔찍한 괴롭힘에 시달렸던 여자. 많은 시간이 흐른 후, 가해자들을 응징하기 위해 그녀가 치밀한 복수를 감행한다.",,
3,Tokyo Revengers,,(2021),전 여자 친구의 죽음을 계기로 12년 전 중학교 시절로 타임슬립 하면서 벌어지는 이야기,,
4,프렌즈,,(1994),"1994년 5월 NBC에서 방영을 시작한 시트콤. 미국 뉴욕 시 맨해튼의 그리니치 빌리지의 아파트와 까페 센트럴 퍼크를 중심으로 2-30대의 세 명의 남자와 세 명의 여자의 우정과 사랑, 삶을 그렸다. 부잣집 맏딸이자 응석받이로 자라 온 레이첼은 결혼식을 앞두고 결혼 선물들을 쳐다보던 중 자신이 남편보다 결혼선물을 더 사랑한다는 사실을 깨닫고 회의감을 느끼게 된다. 이를 계기로 불현듯 결혼식에서 도망쳐 나오게 되고, 뉴욕에 아버지의 그늘을 피할 곳을 찾다가 결혼식 전 우연히 만난 고등학교 동창 모니카와 재회하게 된다.",,
5,기동전사 건담: 수성의 마녀,,(2022),"수많은 기업이 우주로 진출해 거대한 경제권을 구축한 시대. 모빌슈트 산업을 선도하는 기업, ‘베네리트 그룹’이 운영하는 ‘아스티카시아 고등 전문 학원’에 변두리 행성인 수성에서 한 소녀가 편입해 온다. 소녀의 이름은 슬레타 머큐리. 순진무구한 마음에 밝은 빛을 품고 소녀는 새로운 세상에 걸음을 내디딘다.",,
6,크리미널 마인드,,(2005),"FBI 프로파일러로 구성된 정예 팀이 미국에서 가장 뒤틀린 범죄자들의 심리를 분석하고, 범죄를 또 저지르기 전에 다음 수를 예측한다. 팀원들은 함께 성장하며, 이 행동 분석팀은 전문 지식으로 범죄자의 동기를 찾아내고 범죄를 저지하는 노력을 계속한다.",,
7,간니발,,(2022),"딸 마시로에게 접근한 성범죄자를 사살해, 산간 마을인 쿠게로 아내 유키, 딸 마시로와 함께 전근을 오게 된 경찰 아가와 다이고. 어느 날 이 마을의 유지인 고토 가문의 당주가 산에서 곰에게 살해당한 사건이 일어난다. 이 사건을 조사하던 다이고는 시신의 팔에서 사람에게 물린 자국을 발견하고 또 다른 가능성을 두고 이 사건을 수사해간다.",,
8,아우터 뱅크스,,(2020),"가진 자와 못 가진 자들이 공유하는 섬, 아우터뱅크스. 이곳에서 실종된 아버지를 기다리는 존 B와 세 명의 친구가 작당한다. 사라진 보물선을 우리가 찾아내는 거야.",,
9,하우스,,(2004),"2004년 11월 FOX에서 방영을 시작한 미스터리 의학 시리즈. 프린스턴 플레인즈보로 대학병원의 진단의학과 과장인 그레고리 하우스는 환자들을 성심성의껏 돌보는 데는 영 꽝인 의사. 사사건건 병원 원장인 리사 커디와 부딪히는 그는 못된 매너와 그 매너를 더욱 돋보이게 하는 외모로 유명하지만, 또한 창조적인 생각과 결점없는 의학적 본능을 유감없이 발휘하는 최고의 의사이기도 하다. 천재적인 분석능력을 갖춘 전염병 전문의로서 그가 이제 인명을 살리기 위한 흥미롭고 미스터리한 의학의 퍼즐을 풀어간다.",,
10,시카고 PD,,(2014),"시카고 경찰들의 이야기. 일선에서 직접 범죄자들과 싸우는 제복 경찰들과, 조직범죄나 마약밀매 등의 범죄를 조사하는 정보팀 소속 대원들의 활약을 그린다.",,
11,9-1-1,,(2018),"911 접수원으로 일하는 주인공과 응급구조대, 응급실을 배경으로 한 드라마",,
12,The Office,,(2005),팬실베니아 스크랜튼에 위치한 사무용지 판매회사 던더 미플린의 스크랜턴 지점. 무미건조한 사무실에서 깐깐한 지점장과 독특한 캐릭터의 부하들이 벌이는 코믹 해프닝과 가슴 찡한 이야기가 펼쳐진다. BBC에서 방영된 동명 영국 시리즈의 할리우드 리메이크.,,
13,연애대전,,(2023),남자에게 지기 싫어하는 변호사와 여자를 믿지 못하는 톱배우. 이들에게 사랑은 아무런 의미가 없었다. 원하지 않은 연애를 시작하기 전까진.,,
14,언내추럴,,(2018),"2018년 1월 TBS에서 방영을 시작한 미스테리 메디컬 드라마. 부자연사 규명 연구소 UDI 라보(Unnatural Death Investigation)는 사인이 불분명하거나 이상한, 자연스럽지 않은 사건에 대해서 사인을 분석해주는 연구소로, 경찰의 의뢰를 받아 사건 수사를 하거나 개인에게 돈을 받고 시신의 사인을 분석해주는 일을 한다. 매번 각기 다른 부자연스러운 죽음을 맞이한 시체가 등장하고, 그 때마다 유토코와 그녀의 법의학자 동료들은 부자연스러운 사인으로 죽음에 이른 시체들의 억울한 죽음 뒤에 있는 진실을 풀어나가기 위해 부검으로 사인을 밝히고 수수께끼 같은 사건을 파헤친다.",,
15,록우드 심령 회사,,(2023),"무시무시한 유령들이 들끓는 런던. 특별한 능력을 가진 두 소년이 운영하는 작은 유령 사냥 에이전시에, 비범한 초능력을 지닌 소녀가 합류한다.",,
16,하우스 오브 드래곤,,(2022),"대륙을 지배하는 타르가르옌 가문의 왕 비세리스 1세의 어린 딸 라에니라와, 왕의 난폭한 동생 다에몬이 왕위 계승을 노리면서 음모와 배신, 피와 죽음으로 얼룩지는 길고 긴 싸움이 시작된다. 아무도 넘볼 수 없는 절대 권력, 왕위 계승을 둘러싼 가문의 내전이 벌어진다.

2022년 8월 HBO에서 방영을 시작한, 조지 R.R. 마틴의 <얼음과 불의 노래> 시리즈의 외전 <불과 피>를 원작으로 하는 드라마.",,
17,닥터 후,,(2005),The further adventures in time and space of the alien adventurer known as the Doctor and their companions from planet Earth.,,
18,빅뱅 이론,,(2007),"2007년 9월 CBS에서 방영을 시작한 시트콤. 캘리포니아공과대학(Caltech) 소속의 박사/석사인 쉘든, 레너드, 하워드, 그리고 라제쉬는 지적으로는 뛰어난 인재들이지만, 괴짜 같은 취향에 사회성도 떨어지는 친구 사이이다. 어느 날 실험 물리학자인 레너드와 이론 물리학자인 쉘든이 살고 있는 아파트 건너편에 매력적인 금발의 여배우를 꿈꾸는 종업원 페니가 이사온다. 한 눈에 페니에게 반한 레너드는 그녀의 마음을 얻기 위해 그녀를 점심 식사에 초대하지만, 쉘든은 이 둘이 잘 될 확률은 절대 없을 것이라며 코웃음을 친다.",,
19,엑스파일,,(1993),"과소 평가되어 무시되거나 미해결 상태로 남겨진 사건들(X 파일)을 조사하는 FBI 특수요원 폭스 멀더와 데이나 스컬리의 활약상을 그린 SF 스릴러 TV 드라마 시리즈.

멀더는 외계인의 존재나 과학으로 설명할 수 없는 초자연적인 현상을 믿는 반면, 회의적인 성격의 스컬리는 멀더가 발견한 것들에 대하여 과학적인 분석으로 비합리적인 부분들을 지적하며 멀더를 좀더 정상적으로 보이는 사건으로 끌어들이려 노력한다.",,
20,"신성한, 이혼",,(2023),"이혼 전문 변호사의 파란만장한 이야기를 그린 작품으로, '이혼'이라는 삶의 험난한 길 한복판에 선 이들의 이야기. 강태경의 동명 웹툰 원작.",,
21,NCIS,,(2003),NCIS는 미국의 수사드라마 시리즈로 미해군과 해병대 관련 범죄수사를 담당하는 가상의 해군범죄수사대에 관한 드라마.,,
22,셜록,,(2010),"2010년 7월 BBC One에서 방영을 시작한 추리물. 아서 코난 도일의 셜록 홈즈 시리즈를 원작으로 현대적으로 재구성하였다. 아프가니스탄에서 군의관으로 복무 중이었으나, 전투 중 부상을 입고 의병 제대한 후 존 왓슨은 우연히 만난 옛 친구 마이크 스탬포드를 통해 셜록 홈즈를 소개받고 허드슨 부인이 세를 놓는 방에 함께 사는 룸메이트가 된다. 과거 허드슨 부인에게 도움을 준 인연으로 그녀의 건물에 세들어 있는 셜록은 자신을 고기능 소시오패스라고 당당하게 공인하는 괴짜 탐정. 왓슨은 얼떨결에 셜록의 조수 역할로 미스테리한 살인 사건 수사에 동참하는데...",,
23,Won Deo Umeon,,(2021),비리 검사에서 하루 아침에 재벌 상속녀로 인생체인지! 빌런 재벌가에 입성한 불량지수 100% 여검사의 ‘더블라이프 코믹버스터,,
24,아무것도 하고 싶지 않아,,(2022),인생 파업을 선언한 자발적 백수 여름과 삶이 물음표인 도서관 사서 대범의 쉼표 찾기 프로젝트. 복잡한 도시를 떠나 아무것도 하지 않기 위해 찾아간 낯선 곳에서 비로소 나를 찾아가는 이야기,,
25,오빌,,(2017),"400년 후의 미래, 지구의 성간 함대 소속의 그다지 특별할 거 없는 탐험선 오빌호(Orville)의 모험을 그린 코믹 드라마.",,
26,카니발 로우,,(2019),"네오 빅토리아 시대를 배경으로 한다. 전쟁으로 폐허가 된 고향을 떠난 마법 생명체들이 빈민가 ‘카니발 로우’에 모여들면서 인간과 갈등이 발생하고, 끔찍한 연쇄살인의 피해자가 된다는 이야기를 그린다. 올랜도 블룸이 살인사건을 수사하는 인간 탐정을, 카라 델러비인은 전쟁을 피해 카니발 로우에 입성한 요정이자 주인공의 마음을 사로잡는 인물로 등장한다.",,
27,여신강림,,(2020),외모 콤플렉스를 가지고 있다가 화장을 통해 여신이 된 주경과 남모를 상처를 간직한 수호가 만나 서로의 비밀을 공유하며 성장하는 자존감 회복 로맨틱 코미디,,
28,미스터 션샤인,,(2018),"2018년 7월 tvN에서 방영을 시작한 드라마. 신미양요(1871년)때 부모를 잃고 미 해군 군함 콜로라도 호에 승선해 미국에 떨어진 노비 출신 소년 유진(이병헌). 미국으로 건너가 갖은 차별을 이겨내고 군인이 된 그는 자신을 버린 조국인 조선으로 와 주둔하게 된다. 그에게 조선이란 제 부모를 때려죽인 나라이자, 자신이 도망쳐 나온 나라였으며, 양반들이 개화의 탈을 쓰고 앞다투어 매국을 하는 야만의 나라일 뿐이었다. 그러던 중 그는 남들 몰래 조선의 독립을 위해 싸우는 조선 최고 명문가의 영애, 애신(김태리)을 만나게 되는데...",,
29,체르노빌,,(2019),"2019년 5월 HBO에서 방영을 시작한 미니시리즈. 전 세계를 공포로 몰고 가며 인류 최악의 인재로 기록된 구 소련 체르노빌 원자력 발전소 사태를 재구성했다. 1988년 4월 26일 모스크바, 한 남자가 긴 이야기를 마친 뒤 녹음 테이프를 신문지로 감싼다. 남자는 음식물 쓰레기를 버리는 척, 테이프를 숨겨 집 밖으로 나온다. 아직 어둠에 싸인 거리 한쪽에서 수상한 차가 그를 감시 중이다. 음식물 쓰레기통 옆의 폐건물 유리창 안으로 녹음 테이프를 던진 남자는 집으로 돌아와 고양이에게 밥을 준 뒤 목을 맨다. 벽시계의 바늘이 1시 24분을 가리키고 있다.",,
30,엄브렐러 아카데미,,(2019),"초능력을 가진 남매들이 아버지의 장례식에서 다시 모인다. 그들 앞에 드러나는 가족의 비밀과 인류의 미래. 종말을 막아야 한다. 애증을 접고, 모두 손을 잡아라.",,
31,빅 리틀 라이즈,,(2017),"캘리포니아 몬터레이 부촌의 한 초등학교 모금 행사 중 살인사건이 발생한다. 누가 죽었는지, 누가 죽였는지 밝혀지지 않는다. 이야기는 입학 날로 돌아가 살인 사건에 연루되었을지 모를 다섯 가정을 보여준다. 아이를 처음 학교에 보내느라 걱정도 기대도 큰 다섯 명의 학부모, 매들린, 셀레스트, 제인, 레나타, 보니가 한 자리에서 마주친다. 인사와 탐색이 섞인 미묘한 기류가 흐른다.",,
32,익스팬스,,(2015),"200년 후의 미래, 여성 실종 사건을 조사하는 형사와 우주선 선장이 태양계를 오가며 역사상 가장 거대한 음모를 파헤치는 이야기",,
33,더 베어,,(2022),고급 레스토랑에서 일하던 카미가 가족의 샌드위치 가게를 운영하기 위해 시카고로 가게 되면서 펼쳐지는 이야기,,
34,아파트 이웃들이 수상해,,(2021),범죄 실화에 관한 집념을 공유하는 3명의 이방인이 갑자기 의기투합해서 자기네가 사는 뉴욕시 아파트 건물에서 일어난 한 이웃의 의문스러운 사망을 조사한다.,,
35,굿 닥터,,(2017),자폐증을 가진 젊은 외과 의사가 명문 병원에 들어가게된다. 이에 사람들과 소통하지 못하는 의사가 사람의 목숨을 구할 수 있을 까 하는 의문이 제기되는데...,,
36,슬리피 할로우,,(2013),현대의 슬리피 할로우로 건너온 이카보드 크레인과 목 없는 기병(Headless Horseman)의 이야기를 현대적으로 재해석해 그리는 미스테리 어드벤처 드라마,,
37,가십걸,,(2007),맨해튼의 사립학교에 다니는 특권층 학생들은 만사에 제멋대로 행동하며 부유층의 특권을 누린다. 그러나 한 익명의 블로거가 이들의 행적을 사사건건 주시하고 있다.,,
38,법쩐,,(2023),"'법'과 결탁한 '쩐'의 카르텔에 맞서기 위해, 모든 것을 내걸고 거침없이 싸우는 '우리 편'의 이야기를 다룬 통쾌한 복수극.",,
39,강철의 연금술사 BROTHERHOOD,,(2009),죽은 어머니를 살리기 위해 시도한 금단의 연금술로 인해 신체의 일부와 전부를 빼앗긴 에드워드와 알폰스 형제. 동생 알폰스의 신체를 되찾기 위해 현자의 돌을 찾아나선다. 강철의 연금술사 오리지널판 이후 제작되어 원작 만화를 더욱 충실히 반영한 리메이크 버전이다.,,
40,블루 블러드,,(2010),"뉴욕의 법집행을 담당하는 경찰, 검사 등으로 구성된 대가족에 대한 드라마.",,
41,멘탈리스트,,(2008),"2008년 9월 CBS에서 방영을 시작한 범죄심리수사물. 예리한 관찰력과 날카로운 추리력을 가진 패트릭 제인은 사람들의 행동을 관찰해서 그 마음을 읽는 능력을 이용하여 돈벌이를 하며 살아가고 있었다. 그러다가 한 방송에서 연쇄살인범 레드존에 대한 언급을 하게 되고, 그로 인해 아내와 딸이 레드존에게 죽임을 당한다. 그 후 제인은 레드존에 대한 정보를 얻기 위해 CBI(캘리포니아 연방수사대)를 찾아가게 되고, 우연히 그들의 수사를 돕게 되면서 수사대의 자문위원이 되고 각종 범죄를 해결하며 레드존을 잡기 위한 정보도 취합해 간다.",,
42,퍼슨 오브 인터레스트,,(2011),"죽은것으로 알려진 전직 CIA 작전요원인 존 리스가 천만장자인 핀치를 만나 뉴욕시에서 개발한 강력 범죄가 일어나기전 미리 범인을 찾아내는 일을 시작한다. 핀치가 개발한 소프트웨어인 ""더 머신""이 범죄를 예측하면 존이 그 정보를 바탕으로 범죄를 저지를 인물 (Person of Interest)을 찾아 그들만의 방법으로 예방한다.",,
43,스크럽스,,(2001),"In the unreal world of Sacred Heart Hospital, John ""J.D."" Dorian learns the ways of medicine, friendship and life.",,
44,맵다 매워! 지미의 상담소,,(2023),"아빠이자 친구, 그리고 심리 치료사인 지미는 아내를 잃고 힘들어하면서 만나는 사람들에게 잔인할 만큼, 어떤 것도 거르지 않고 정직하게 다가가 보기로 한다. 과연 지미는 다른 사람을 도우면서 자신을 도울 수 있을까? 다시 삶의 희망을 찾을 수 있을까?",,
45,월드 온 파이어,,(2019),"독일이 폴란드를 침공한 무렵, 폴란드에서 통역관으로 일하던 영국인이 폴란드인과 사랑에 빠지면서 겪게 되는 위기와 전쟁으로 얽힌 다섯 도시 속 인물들의 사랑과 운명을 그린 드라마",,
46,FBI,,(2018),"FBI 뉴욕 지부의 모습을 담은 드라마

FBI 뉴욕 지부는 모든 전문성을 활용해 뉴욕과 미국을 안전하게 지킨다. 특수 요원 매기, 파트너 OA, 그들을 감독하는 특수요원 데이나, 분석가 크리스틴까지. 테러, 조직 범죄, 첩보 등 엄청난 규모의 사건들을 끈질기게 파고들어 해결해나가는 일류 요원들의 역대급 수사드라마가 시작된다.",,
47,끝없는 밤,,(2023),242명의 목숨을 앗아간 나이트클럽 화재 사고. 희생자 부모들이 할 수 있는 건 애도와 정의를 위한 투쟁뿐.,,
48,배틀스타 갤럭티카,,(2004),우주에서 벌어지는 인간과 로봇 '사일론'의 대결 이야기를 다룬 2003년부터 방송된 미국의 군사 공상 과학 TV 드라마이다. 글렌 A. 라슨의 기획으로 출발한 배틀스타 갈락티카 프렌차이즈의 일환으로 1978년 방송된 오리지널 시리즈의 리메이크작이다. 2003년 12월 Sci-Fi 채널을 통해 세 시간 분량의 미니시리즈가 첫 전파를 탔으며 이후 2009년 3월 20일까지 네 시즌 분량의 방송이 이루어졌다.,,
49,수퍼내추럴,,(2005),"어린 시절, 샘과 딘은 정체를 알 수 없는 악마의 힘의 의해 어머니를 잃는다. 그로 인해, 그들의 아버지는 자식들을 헌터로 키우며, 미국 각지에 흩어져 있는 초자연적인 악과 괴물들을 처치하는 법을 가르친다.

이제 두 윈체스터 형제들은 67년형 쉐비 임팔라에 몸을 싣고 미전역을 가로지르며 그들과 마주치는 모든 초자연적인 위협들을 처리해나가기 시작하는데...",,
50,밴쉬,,(2013),"교도소에서 10년을 복역 하고 출소한 한 남자가 옛 여자친구를 찾아 펜실베니아주의 작은 마을 '밴쉬'를 찾아오게 된다. 남자는 마을 외곽 술집에서 벌어진 싸움에 휘말리는데 여기서 죽은 남자가 밴쉬에 새로 부임 하려던 보안관 루카스 후드라는 것을 알게 된다. 그는 예전부터 곧잘 함께 일하고 여자친구가 밴쉬에 있다는 것도 알려줬던 동료 죠브에게 부탁하여 죽은 보안관의 신분으로 위장 한 뒤 순식간에 범죄자에서 경찰로 탈바뀜 한다. 그리고 밴쉬의 경제를 사실상 지배하고 있는 악랄한 사업가 프록터와 자신의 전 여자친구 였던 아나스타샤등 수많은 사람들과 엮이며 여러가지 사건에 휘말리게 되는데.... 과격한 성적 묘사, 퀄리티 높은 액션과 폭력성으로 인기를 끌었으며 2016년 시즌 4를 끝으로 종영하였다.",,
51,블랙리스트,,(2013),FBI 10대 수배범에 올라가있는 거물 범죄 브로커 레이먼드 레딩턴이 어느날 갑자기 FBI 본부에 나타나 자수를 한다. 그러면서 레딩턴은 자신이 1급 범죄자들의 블랙리스트를 가지고 있다면서 사법거래를 요구하고 그 조건으로 FBI의 신참 프로파일러인 엘리자베스 킨하고만 이야기 하겠다고 요구한다. 한편 암에 걸린 양아버지를 두면서 남편과 함께 아기의 입양을 꿈꾸며 행복하게 살고 있던 엘리자베스의 삶은 레딩턴과의 만남과 우연히 발견하게 된 남편의 가짜 여권들을 통해 급변하게 되는데...,,
52,파친코,,(2022),"2022년 3월 Apple TV+에서 방영을 시작한 드라마. 이민진의 동명의 소설을 원작으로 한다. 일제강점기 이후 부산 영도에서 오사카로 건너간 한국인 이민자인 선자의 4대에 걸친, 고국을 떠나 억척스럽게 생존과 번영을 추구하는 한인 이민 가족의 꿈과 희망을 기록한다. 금지된 사랑에서 시작되는 이야기는 한국과 일본, 그리고 미국을 오가며 전쟁과 전쟁과 평화, 사랑과 이별, 승리와 심판에 대한 잊을 수 없는 연대기를 그린다.",,
53,철인왕후,,(2020),불의의 사고로 대한민국 대표 허세남 영혼이 깃들어 '저 세상 텐션'을 갖게 된 중전 김소용과 두 얼굴의 임금 철종 사이에서 벌어지는 영혼가출 스캔들,,
54,씰 팀,,(2017),국가가 요구하는 가장 위험하고 어려운 작전을 계획하고 수행하는 최정예 해군 특수부대 씰 팀의 삶을 보여주는 드라마.,,
55,재벌집 막내아들,,(2022),"순양그룹 오너 일가의 충직한 비서, 윤현우. 해외로 유출된 비자금을 국내로 들여오라는 지시를 받고 임무를 수행하던 중 오너 일가에 의해 무참히 살해당한다. 그의 억울한 죽음은 끝이 아니었는데, 1987년의 대한민국, 순양그룹 오너 일가의 막내아들 진도준으로 회귀한 것! 과연 그는 복수에 성공할 수 있을까?",,
56,Najgwa Bam,,(2020),"It is a romantic mystery about digging through the secrets of mysterious events that occurred in a village 26 years ago, that are somehow linked to the mysterious events happening in the present.",,
57,데스 인 파라다이스,,(2011),"세인트 마리섬의 치안을 담당하는 오노레 경찰서에 영국 런던경찰청에서 새 경위가 파견된다. 융통성이라고는 전혀 없는 폴 경위, 세인트 마리의 동료들과 부대끼며 사건을 해결하기 시작한다. 작은 단서도 놓치지 않는 리처드와 개성 뚜렷한 동료들이 모여 세인트 마리의 살인 사건을 해결한다.",,
58,팍스 앤 레크리에이션,,(2009),"팍스 앤 레크리에이션 부서에서의 에피소드를 그린 오피스 코미디로, 여성 공무원 레슬리와 그녀의 동료들의 이야기를 그린다.",,
59,브루클린 나인-나인,,(2013),"경찰의 명예를 중시하는 원칙주의자 홀트 서장. 그 아래 재능은 물론 꼼수, 공갈, 운까지 총동원해서 어떻게든 사건을 해결해내는 듬직한(?) 형사들이 있는 곳. 브루클린 99 관할 경찰서에 오신 것을 환영합니다!",,
60,이세계 삼촌,,(2022),"17년 동안 혼수상태에 빠져 이제는 중년이 된, 타카후미의 삼촌이 어느 날 눈을 뜬다. 알아들을 수 없는 말을 하고 마법의 힘을 휘두르며.",,
61,나루토 질풍전,,(2007),"<주간 소년 점프>에 연재되면서 폭발적인 인기를 모았던 '나루토'를 애니메이션으로 만들었다. 한국에서도 단행본이 나와 많은 인기를 얻고 있다. 나루토와 동료들이 닌자가 되기 위한 모험을 떠나는 흥미진진한 작품. 닌자 마을 중 하나인 나뭇잎 마을. 매일같이 장난만 치며 공부도 뒤쳐져서 졸업조차 불안하기만 한 문제아 나루토. 그런 그이지만 마을에서 제일 가는 닌자, '호카게'가 되고 싶다는 커다란 꿈을 지니고 있다. 하지만, 자신의 출생의 비밀을 안 나루토는 결의를 새롭게 다지고 같은 학교 학생인 사스케, 사쿠라와 함께 닌자로서의 첫 발을 내딛게 된다.",,
62,뉴스룸,,(2012),"2012년 6월 HBO에서 방영을 시작한 드라마. 앵커 윌 맥어보이와 뉴스룸 스태프들을 중심으로 가상의 방송국 ACN(Atlantis Cable News)에서 일어나는 비하인드 스토리를 담고 있다. 언론은 중립을 지켜야 한다는 신념으로 자신의 의견을 남에게 드러내지 않는 윌은 자신과 연인 사이였던, 바람을 피워 헤어졌던 뉴스 PD인 맥이 회사로 돌아오고 심지어 같은 팀으로 일하게 되자 멘붕에 빠진다. 하지만 시청률에 연연하지 않는, 진정한 시민의 알 권리를 위해 존재하는 뉴스를 만들어 보자는 맥의 간곡한 권유와 국장인 찰리 때문에 함께 뉴스를 만들기로 한다.",,
63,명탐정 코난,,(1996),검은 조직의 약물에 당해서 초등학생의 몸이 된 고등학생 쿠도 신이치가 에도가와 코난이라는 가명을 사용하여 소꿉친구인 란의 아버지가 운영하는 탐정사무소에서 얹혀 살며 사건을 해결하는 이야기를 다루고 있다.,,
64,시카고 파이어,,(2012),시카고의 한 소방서를 배경으로 각자의 사연을 지닌 소방관들의 숭고한 직업정신을 그린 드라마.,,
65,플래시,,(2014),낙뢰 사고의 후유증으로 초인적인 스피드를 가지게 된 CSI 수사관 배리 앨런이 범죄에 맞서 싸우는 영웅 플래시로 활약하는 이야기를 그리는 드라마,,
66,상견니,,(2019),"2년 전, 사랑하는 연인을 잃었다. 그리고 오늘, 17세 소녀로 깨어나 17세인 그를 다시 만났다. 다른 시공간에서 다른 이름으로 나타난 너. 꼭 한번 보고 싶다는 소원이 이렇게라도 이뤄진 걸까.",,
67,클락슨 농장,,(2021),"영국에서 농부와는 가장 거리가 먼 제러미 클락슨과 강렬하고 고되지만 종종 큰 웃음을 주는 1년을 함께한다. 도움이 안 되는 날씨, 말 안 듣는 동물, 반응 없는 작물과 뜻밖의 팬데믹까지 상대해야 하는 제러미와 오합지졸 농부 군단. 지금까지 본 적 없는 제러미 클락슨을 만난다.",,
68,식스,,(2017),2014년 아프가니스탄 미션을 수행한 미국 해군 최정예 특수부대인 네이비실팀 6 대원들의 이야기를 다룬 드라마.,,
69,두뇌공조,,(2023),"서로 못 죽여 안달 난 두 남자가 희귀 뇌질환에 얽힌 범죄사건을 해결하는, 본격 뇌과학 코믹 수사극",,
70,디스 이즈 어스,,(2016),"같은 날 태어난 사람들의 이야기로 출산을 앞둔 커플인 잭과 레베카, 텔레비전 배우 케빈, 비만과 싸우는 케이트, 그리고 낳아준 부모를 찾는 랜달의 이야기.",,
71,고스트,,(2021),아름다운 대저택을 물려받게 되면서 내 집 마련의 꿈을 이룬 줄 만 알았던 부부가 그 집에 정착해있던 개성 강한 유령들의 존재를 알게 되며 벌어지는 좌충우돌 코미디,,
72,나의 아저씨,,(2018),"2018년 3월 tvN에서 방영을 시작한 드라마. 여기 아저씨가 있다. 우러러 볼만한 경력도, 부러워할 만한 능력도 없다. 그저 순리대로 살아갈 뿐이다. 그러나 그속엔 아홉살 소년의 순수성이 있고, 타성에 물들지 않은 날카로움도 있다. 인간에 대한 본능적인 따뜻함과 우직함도 있다. 우리가 잊고 있었던 인간의 매력을 보여주는 아저씨. 그를 보면, 맑은 물에 눈과 귀를 씻은 느낌이 든다. 길거리에 넘쳐나는 흔하디 흔한 아저씨들. 허릅하고 한심하게 보이던 그들이, 사랑스러워 죽을 것이다. 눈물 나게 낄낄대며 보다가, 끝내 펑펑 울 것이다.",,
73,스타게이트 SG-1,,(1997),"미국 시간으로 1997년 7월 27일에 첫 방송 되었으며 자그마치 10년에 걸친 드라마이다. 스타게이트 프랜차이즈는 미국드라마 사상 군사 SF류로써는 스타 트렉에 이은 2번째로 긴 시즌+에피소드를 자랑한다. 스타게이트 프로젝트 최초의 결성팀인 SG-1팀의 활약이 주 이야기이며, SG-1은 스타게이트 시리즈 중에서도 단일 드라마로는 미국 기준으로는 스몰빌과 함께 10시즌으로 최장 방영 SF드라마이다.[1] 다만 별 의미는 없지만, 에피소드 수는 스몰빌이 더 많다.

현직 공군 참모총장 두명이 카메오로 출연하고 주연 배우인 리처드 딘 앤더슨[2]이 시리즈 종료 후 공군 명예 준장을 수여받을 정도로 미 공군과의 관계가 각별하다. 공군은 우주군의 역할도 겸하기에[3] 홍보차원에서 SF시리즈에 대대적인 지원을 해 준 것으로 보이지만 사실 10년에 걸친 시리즈 대부분에 지구측 우주선이 거의 등장하지 않는다(...)[4] 애초에 주된 스토리 라인중 하나가 바로 지구측이 우주 함대로 무장하기 위해서 기술을 확보하는 것이 주요 목표중 하나라서 지구측 우주선이 잔뜩 나오면 시리즈가 끝난다(...) 그리고 진짜 끝났다. 덕분에 대부분의 액션은 공군과는 크게 관련없는 잠입/침투나 지상작전(...) 또한 주력으로 등장하는 총기가 공항 등 후방 방어용으로 설계된 P90만 죽어라고 등장하는 이유도 공군탓도 있을듯.현실은 민간으로 구하기 쉬운것 중에서 가장 미래형 디자인으로 생겼기에(...)[5]

아포피스의 첫 지구 침투 사건을 계기로 잭 오닐은 스타게이트 보관 기지의 책임자 조지 해먼드 장군에게 불려온다. 그는 스타게이트 사령부[6]에 합류하게 되며, 최초의 팀이자 최고의 팀인 SG-1을 맡게 된다. 이 SG-1팀을 중심으로 전개된다.",,
74,연애시대,,(2006),이혼한 20대 부부가 이혼한 뒤 오히려 사랑을 느끼고 연애를 시작한다는 내용의 드라마,,
75,메디치 : 마스터즈 오브 플로렌스,,(2016),"메디치 가문 및 피렌체의 지배를 두고 다투는 파치 가문, 알비치 가문 등의 암투를 그린 드라마",,
76,히어로즈,,(2006),"《히어로즈(Heroes)》는 미국 NBC에서 방영했던 드라마이다. 2006년 9월 25일 방영을 시작하여, 2007년 5월 21일 시즌 1이 종료되었다. 방영기간 중 2007년3월 5일 18편까지 방영 후 4월 23일 19편이 방영되는 등의 휴방도 있었다. 2007년 9월 24일 시즌 2 방영을 시작하여, 2007년 12월 3일 시즌 2 가 종료되었다. 시즌3는 2008년 9월 23일에 방영되어 2008년 12월 15일에 시즌 3의 절반이 방영되었고, 2009년 2월 2일에 나머지 절반을 방영하였다. 2009년 9월 21일 시즌 4가 시작되어 2010년 2월 8일에 방송종료하였다. 시즌 5를 제작하려 했으나 시청률 저조 등을 이유로 캔슬되었다가 종영 5년후인 2015년 9월 24일부터 2016년 1월 21일까지 시즌 5가 방송했다. 평범한 인물들이 자신의 능력을 깨닫고, 잠시 길을 잃기도 하고 서로 싸우기도 하지만, 결국엔 힘을 합쳐 세계를 구한다는 내용",,
77,모던 패밀리,,(2009),에미상을 받은 이 시트콤은 로스앤젤레스에 사는 제이 프리쳇과 각양각색의 가족이 일상에서 수많은 난관을 만나고 해결해 나가는 이야기를 그린다.,,
78,스타 트렉: 디스커버리,,(2017),"한 세기 만에 다시 나타난 클링온 제국. 연방 우주에 전운이 감돈다. 그 한가운데에 놓인 스타플릿 장교들, 불명예의 낙인을 씻어내고 평화를 되찾을 수 있을까.",,
79,톰 클랜시의 잭 라이언,,(2018),CIA 분석가 잭 라이언과 새로운 보스 제임스 그리어는 수상한 금융 거래의 패턴을 추적하여 유럽과 중동을 오가며 떠오르는 테러리스트 수장 간 쫓고 쫓기는 게임에 뛰어든다. 새로운 테러리스트는 미국과 동맹국을 향해 대규모 공격을 준비한다.,,
80,Black Clover,,(2017),"어린 시절 부모에게 버림을 받고 빈민 지역 교회에서 자란 아스타와 라이벌 유노. 두 사람은 마법 세계의 정점인 마법제가 되겠다는 목표를 가지고 있다. 그러나 아스타는 전혀 마력을 가지고 있지 않아 마법 기술을 쓰지 못하는 반면, 유노는 어린 나이에도 불구하고 엄청난 마법의 소유자로 촉망 받는다. 시간이 흘러 두 사람은 15세가 되고, 마력을 가진 15세 아이들에게 마법기사단에 들어갈 수 있는 기회가 찾아온다.",,
81,기묘한 이야기,,(2016),"인디애나주의 작은 마을에서 행방불명된 소년. 이와 함께 미스터리한 힘을 가진 소녀가 나타나고, 마을에는 기묘한 현상들이 일어나기 시작한다. 아들을 찾으려는 엄마와 마을 사람들은 이제 정부의 일급비밀 실험의 실체와 무시무시한 기묘한 현상들에 맞서야 한다.",,
82,틴 울프,,(2011),"어느 날 갑자기 늑대인간이 되어버린 후, 우정과 사랑을 지키며 스스로 살아남기 위해서 싸우는 고등학생 스캇의 이야기. 1985년 제작된 동명 영화를 리메이크한 작품.",,
83,더 모닝 쇼,,(2019),2021년 9월 Apple TV+에서 방영을 시작한 드라마. 미국의 아침을 깨우는 더 모닝 쇼의 호스트인 미치 케슬러의 섹스 스캔들이 폭로되면서 방송국은 엄청난 타격을 입게 된다. 미치와 함께 진행을 하던 알렉스 레비는 오랜 기간 동안 진행해 온 프로그램이 존폐 위기에 놓이자 어떻게 해서든 쇼를 지키려고한다. 그들이 직면한 새로운 방송국과 급변하는 세상은 정체성이 지배하는 곳이다. 겉으로 보이는 모습과 진정한 자아 사이의 격차가 새로운 갈등을 만드는데...,,
84,미씽: 그들이 있었다,,(2020),"종아, 남국과 함께 나쁜 놈들에게 사기 치며 살아가던 정의로운 사기꾼 김욱. 납치 당하는 여자를 목격한 어느 날, 의문의 사내들에게 쫓겨 목숨을 잃을 위기에 처하는데... 가까스로 살아난 그가 눈을 뜬 곳은 '두온마을', 그곳의 수상한 주민 장판석의 집. 실종됐다던 아이가 살아있고, 멀쩡히 눈 앞에 있던 사람들이 갑자기 사라지는 이곳. 미스터리한 마을과 주민 장판석의 정체가 베일을 벗는다.",,
85,미스터 로봇,,(2015),"2015년 5월 USA 네트워크에서 방영을 시작한 해킹물 스릴러. 낮에는 사이버 보안 기술자, 밤에는 해커로 활동하는 프로그래머 엘리엇을 중심으로 이야기가 펼쳐진다. 아버지는 엘리엇이 어렸을 때 Evil Corp에서 일하며 얻게 된 백혈병으로 사망하고, 이로 인해 우울증과 마약중독, 대인관계 결핍 등 어려움을 겪고 있는 엘리엇의 나레이션, 즉 상상속의 친구에게 하는 독백을 주로 하여 스토리가 전개된다. 어느 날 자신이 몸담고 있는 회사를 와해시켜 달라는 지하 해커 조직 F 소사이어티의 제안을 받게 되면서 갈등을 겪게 되는데...",,
86,웨스트 윙,,(1999),"1999년에 시작된 '웨스트 윙 시리즈'는 미국 정치의 중심인 백악관에 펼쳐지는 다양한 정치적 실체를 드라마로 재구성하여 현재까지 소비자들의 많은 사랑을 받고 있다. 시즌 1부터 4까지 에미상에서 TV 드라마 부문 최우수작품상을 연속 수상했던, 미드 정치드라마의 표본.",,
87,더 레지던트,,(2018),노련한 고참 레지던트가 이상으로 가득 찬 신참들의 교육을 맡는다. 레지던트와 신참 의사와 환자들의 이야기 중심으로 현대 의학과 병원의 진짜 모습을 드러내는 메디컬 드라마.,,
88,레프트오버,,(2014),"세계 인구의 2%가 동시에 사라지는 사건이 발생하고, 남겨진 가족들은 힘든 생활을 이어나간다. 작별한 자들이 떠난 지 3년이 되는 날 메이플턴 시장 루시는 영웅의 날 행사를 기획하지만 케빈은 탐탁지 않다. 한편, 어머니가 떠나간 후 질은 학교생활에 잘 적응하지 못하고 하키 연습 중에 사고를 친다.",,
89,심슨 가족,,(1989),"1989년 12월 FOX에서 방영을 시작한 애니메이션. 미국의 스프링필드를 배경으로 먹는 걸 유난히 밝히고 게으르며 독특한 성격의 가장 호머, 항상 사고만 치고 다니는 남편과 아이들의 뒤치다꺼리를 도맡아 하는 엄마 마지, 하루라도 장난을 치지 않고 넘어가는 날이 없는 장난꾸러기 아들 바트, 나이에 비해 꽤나 어른스럽고 똑똑한 리사, 그리고 말은 한마디도 못하지만 의외의 대활약을 보여주는 막내 메기 등 각각의 개성 만점 가족 구성원들이 펼치는 극적인 하루하루를 그리고 있다.",,
90,빌로우 덱: 우리는 요티,,(2013),"바다 위의 별장이라 불리는 요트. 그 갑판 아래에서 일하는 요트 크루의 세계는 어떤 모습일까. 까다로운 승객들, 생각지도 못한 돌발 상황, 동료와의 우정과 로맨스. 럭셔리 요트에서 꿈을 일구는 '요티'들의 삶을 다룬 리얼리티 시리즈.",,
91,뉴 걸,,(2011),"중학교 교사인 주인공 제스 데이(조이 데이셔넬 분)는 동거하던 남자친구가 바람을 피운 사실을 알고 인터넷에서 본 집으로 이사한다. 이후 세 명의 룸메이트: 닉 밀러 (제이크 존슨 분), 슈미츠 (맥스 그린필드 분), 윈스턴 비숍 (러몬 모리스 분) 과 함께 로스앤젤레스의 아파트에서 살아가게된다.

첫 번째 룸메이트인 닉 밀러는 현재 바텐더를 하고 있지만, 로스쿨을 3학기 남기고 자퇴한 전적이 있다. 그 이유는 4년동안 사귄 대학시절 여자친구인 캐롤라인 (메리 엘리자베스 엘리스 분) 에게 실연당했기 때문이다. 이후로 그는 매사에 시니컬하고 부정적이게 되었다.

두 번째 룸메이트인 슈미츠는 닉의 대학시절 룸메이트로 이후 10년간 함께 거주중인 친구이다. 그는 유대인임을 자랑스럽게 생각하며, 현재 여성들로 가득찬 여성용품 회사를 다니고 있다. 대학시절 비만이었던 그는 친구 코치 (데이먼 웨이언스 주니어 분)의 도움으로 살을 뺐고 그 이후로 과도하게 멋을 내는 등 외모에 광적인 집착을 보인다.

마지막으로 윈스턴은 라트비아에서 프로 농구선수로 활동했으나 팀에서 방출된 후 두 번째 에피소드에서 미국으로 돌아왔다. 그는 닉의 어렸을 때 친구이기도 하며, 승부욕이 대단하지만 여자친구에겐 무관심한 인물로도 그려진다. 또한 새 직장을 찾으려 안간힘을 쓰는 실직자이기도 하다.

이와 더불어 등장하는 제스의 소꿉친구인 씨씨 (해나 시몬 분)는 현직 활동중인 모델이며, 인도 출신이다. 현재 동료 모델들과 같은 아파트에 함께 살고 있다.",,
92,굿 와이프,,(2009),스캔들로 철창신세가 된 정치인 남편 때문에 다시 변호사로 일하게 된 얼리샤 플로릭의 이야기를 담은 법정 드라마.,,
93,사이코패스,,(2012),"인간의 심리 상태나 성향을 측정해 수치화가 가능한 세계. 모든 감정, 욕망, 반사회적 심리 경향이 낱낱이 기록, 관리되어 대중들은 '이상적인 삶'의 지표가 되는 그 수치의 실현에 힘쓰고 있었다.

인간 본연의 마음, 개인의 정신 자체를 판정하는 기준으로 취급되는 이 계측치를 사람들은 속칭 'PSYCHO-PASS(사이코패스)'라 부르게 되었다. 범죄와 관련된 수치는 '범죄 계수'로 계측되며, 범죄자는 그 수치에 의거해 심판을 받게 된다.

치안 유지를 담당하는 형사들은 범인을 수사 및 체포하는 '집행관'과 집행관을 감시 및 지휘하는 '감시관'이 팀을 이뤄 활동한다. 높은 범죄 계수를 지녀 스스로가 범죄의 근원에 다가설 수 있는 수사관만이 우수한 '집행관'이 될 수 있다. 그와 동시에 '집행관'은 범죄자가 될 위험성도 있기에 냉정한 판단력을 갖춘 엘리트 '감시관'에 의해 활동을 감시 받는다.

공안국 형사과 1계에 소속된 멤버들은 각자의 생각을 가슴에 묻은 채로, 언제나 정의가 있는 곳을 내세우며 임무를 수행해야만 한다.

그들이 맞서 나가는 길 앞에서 그들을 기다리고 있는 것은…",,
94,코브라 카이,,(2018),1984년 가라데 토너먼트에서 다니엘 라루소에게 충격의 패배를 당한 조니 로렌스는 이후 인생이 완전 꼬이기 시작하였다. 여자 친구는 도망가고 하는 일마다 다 망하고 급기야 해고까지 당하게 된다. 하지만 다니엘 라루소는 그날 이후 승승장구 지역의 유명한 사업가로 성공하며 어느덧 조니의 원수이자 질투의 대상으로 떠오르게 된다. 조니는 마지막 보루로 코브라 카이라는 가라데 도장을 차리게 되고 첫 수제자인 미구엘을 훈련시켜 조니의 수제자와 대결 시키게 되는데...,,
95,The Terminal List,,(2022),"은밀하고 위험한 임무를 하던 제임스 리스의 네이비실 소대가 기습당한 이후를 그렸다. 리스는 사건에 관한 상충하는 기억과 책임에 대한 의문을 품은 채 가족이 있는 집으로 돌아온다. 하지만, 새로운 증거가 떠오르면서 리스는 자신은 물론 사랑하는 사람들을 위험에 빠트리는 어두운 세력이 움직이고 있음을 알게 된다.",,
96,데브스,,(2020),꿈의 개발팀 데브스에 합류한 세르게이가 이틀 만에 분신자살을 한 채 발견된다. 릴리는 세르게이의 죽음 뒤에 거대 IT기업 어마야가 있다고 믿는다. 대체 데브스에서 무슨 일이 벌어진 걸까.,,
97,웬즈데이,,(2022),"똑똑하고 비꼬는 것에 도가 튼 웬즈데이 아담스. 암울함을 풍기는 그녀가 네버모어 아카데미에서 연쇄 살인 사건을 조사하기 시작한다. 새 친구도 사귀고, 앙숙도 만들며.",,
98,터무니없는 스킬로 이세계 방랑 밥,,(2023),"어느 날 갑자기 이세계로 소환된 평범한 샐러리맨 무코다 츠요시.

이세계의 주민이 된 그의 고유 스킬은 '인터넷 슈퍼'

라는 볼품없어 보이는 것이었다...

낙담하는 무코다였지만 사실 이 스킬로 가져올 수 있는 현대의 식품은 이세계에서 터무니없는 효과를 발휘했는데...?!",,
99,꼭두의 계절,,(2023),99년마다 인간에게 천벌을 내리러 이승에 내려오는 사신(死神) 꼭두가 신비한 능력을 가진 의사 한계절을 만나 왕진 의사로 일하며 벌이는 판타지 로맨스,,
100,미치지 않고서야,,(2021),격변하는 직장 속에서 살아남기 위해 몸부림치는 n년 차 직장인들의 치열한 생존기를 그린 드라마,,
101,다운튼 애비,,(2010),"다운튼 애비의 그랜섬 백작 가의 작위와 재산상속 문제에 대한 고뇌를 그리는 동시에, 귀족들과 함께 스토리의 한 축을 맡고 있는 하인들의 이야기도 함께 담은 드라마",,
102,응답하라 1994,,(2013),"2013년 10월 tvN에서 방영을 시작한 드라마. 1997년 배경을 전면에 내새워 90년대를 제대로 추억하게 하며 대한민국을 응칠앓이로 들썩이게 했던 응답하라 1997의 두 번째 이야기 격인 작품이다. X세대와 신세대가 젊음의 상징이었고 그 발칙한 신인류에게도 디지털보단 아날로그 소통이 익숙했던 그 때, 20세기에서 가장 다사다난했던 1994년으로 돌아간다. 길보드 차트에선 김건모의 노래가 흘러나오고, 농구장은 오빠 부대의 함성으로 가득 찼었던 그 시절. 삐삐 호출 메시지에 밤 새 잠을 뒤척이고 캠퍼스엔 토익 점수보단 낭만이, 학점보단 꿈이 우선이었던 1994년. 또 다시 응답하라.",,
103,나의 히어로 아카데미아,,(2016),"가공의 세계가 현실로! 이것은 내가 최고의 히어로가 되기까지의 이야기다. 시작은 중국의 경경 시에서 빛을 내뿜는 아기가 태어났다는 뉴스였다. 이후에 각지에서 초현실적 현상이 발견되고 원인도 밝혀지지 않은 채 세월이 흐른다. 세계 총인구의 80%가 어떤 형태로든 특이체질인 초인사회가 된 현재. 선천적으로 타고난 특별한 힘인 ‘개성’을 악용하는 범죄자 ‘빌런’이 갈수록 늘어난다. 이에 마찬가지로 ‘개성’을 가진 자들이 ‘히어로’로서 빌런과 재해에 맞서며 사람들을 구하는 사회를 확립한다. 일찍이 누구나 상상하며 동경하는 ‘히어로’가 현실이 된 세계에서 미도리야 이즈쿠도 히어로가 되는 것을 꿈꾼다. 유명한 히어로를 다수 배출한 유에이 고교에 입학을 목표로 삼고 있지만 아무런 특이체질도 아닌 ‘무개성’의 낙오자로 절망에 빠진다. 그러던 어느 날, 자신이 가장 동경하는 최고의 히어로 올마이트를 우연히 만난 것을 계기로 운명을 크게 바꾸게 된다. 친구, 스승, 라이벌, 빌런... 가지각색의 인물, 수많은 시련과 마주하면서 미도리야 이즈쿠는 최고의 히어로가 되기 위해 성장해 간다. 신세대의 열띤 히어로 스토리가 지금 시작된다!",,
104,처키,,(2021),"처키에게서 벗어나 일상을 되찾아가던 아이들. 하지만 핼러윈 날 의문의 전화가 걸려 오고, 지난 일을 복수하려고 칼을 간 처키가 아이들 앞에 나타난다.",,
105,"도전, 홀로 생존하기",,(2015),"도전, 홀로 생존하기",,
106,어 밀리언 리틀 씽즈,,(2018),각자의 삶을 살아가며 여러 가지 문제를 겪고 있던 친구 중 한 명이 사망한 후 다시 모이게 된 친구들의 이야기,,
107,1883,,(2021),"""옐로우스톤"" 그 이전의 이야기 서부로 가기 위한 목숨을 건 위대한 여정 서부 개척시대 아메리카 대륙, 지독한 가난에서 벗어나기 위해 약속의 땅 몬타나로 향하는 ′더튼′ 가의 목숨을 건 위대한 여정이 시작된다.",,
108,슬로 호시스,,(2022),"영국 정보기관 MI5의 낙오자들이 모인 곳, 슬라우 하우스. 스파이 경력에 치명적인 실수를 저질러 이곳에 오게 된 무능력한 MI5 요원들로 구성된 팀과 이들을 이끄는 똑똑하지만 다혈질인 리더 잭슨 램이 사악한 세력으로부터 영국을 지키기 위해 첩보 세계의 연막과 은폐를 파헤치는 과정을 보여 준다.",,
109,환혼,,(2022),"역사에도 지도에도 존재하지 않은 대호국을 배경으로, 영혼을 바꾸는 '환혼술'로 인해 운명이 비틀린 주인공들이 이를 극복하고 성장해가는 판타지 로맨스 활극",,
110,포 올 맨카인드,,(2019),"2019년 11월 Apple TV+에서 방영을 시작한 SF물. 끝없이 경쟁하며 치열하게 우주 개발을 매진하는 세상. 그 속에서 우리는 어떤 모습으로 살아갈까. 유명한 소련 로켓 공학자 코롤료프 박사가 암 수술에 성공해 살아남았고, 미국의 케네디 대통령도 실패에서 나올 후폭풍을 두려워하며 달 탐사 계획에 적극적이지 않아 소련이 미국을 앞서서 최초로 달에 착륙한다. 소련의 잇따른 성공에 자극 받은 미국이 우주경쟁에 이기기 위해 적극적으로 우주 프로그램에 투자하고, 달에서 얼음이 발견 되면서 달에 우주 기지를 세울수 있게 되어 실제 역사보다 수십년치 이상 우주기술이 발전하게 된다. NASA 우주 비행사들과 가족의 위태로운 삶을 조명하며 매혹적인 만약의 역사 속으로 빠져보자.",,
111,미틱 퀘스트,,(2020),"역대 최대의 멀티플레이어 비디오 게임 팀. 이들은 가상 세계를 창조하고, 영웅을 키우고, 전설을 만들어 낸다. 하지만 때때로, 가장 치열한 전쟁은 게임 속이 아니라 사무실에서 벌어진다",,
112,크레이지 러브,,(2022),살인을 예고 받은 개차반 일타 강사와 시한부를 선고 받은 슈퍼을 비서가 그리는 달콤 살벌 대환장 크레이지 로맨스 드라마,,
113,Call the Midwife,,(2012),"Drama following the lives of a group of midwives working in the poverty-stricken East End of London during the 1950s, based on the best-selling memoirs of Jennifer Worth.",,
114,더 지니어스,,(2013),"방송인, 갬블러, 정치인 등 다양한 직업군을 대표하는 13인의 도전자가 게임을 통해 최후의 1인이 되기 위한 숨막히는 심리전을 벌이는 리얼리티 쇼",,
115,폴다크,,(2015),"18세기 후반, 미국 독립 전쟁에 참전 후 무사히 고향 콘월로 돌아오지만, 아버지의 사망과 집안의 몰락, 약혼녀의 변심을 마주하게 된 폴다크의 이야기를 그린 드라마",,
116,나 혼자 산다,,(2013),"대한민국 1인 가구 453만 시대! 이제는 1인 가구가 대세! 연예계 역시 1/3은 1인 가구! 기러기 아빠, 주말부부, 상경 후 고군분투중인 청년, 독신남 등 각기 다른 이유로 싱글족이 된 스타들! 당당한 1인 가구의 싱글라이프는 과연 어떤 것일까? 1인 가구가 트렌드가 된 현 시점에서 프로그램을 통해 사회적 공감대를 형성해본다.",,
117,스캔들,,(2012),백악관에서 커뮤니케이션 디렉터로 일했던 올리비아 포프가 새로운 삶을 찾아 자신만의 위기관리 사무소를 오픈하게 되면서 유능한 직원들과 함께 성공을 향해 고군분투하는 이야기.,,
118,스위트 투스: 사슴뿔을 가진 소년,,(2021),"반은 인간이고 반은 사슴. 하지만 너무도 사랑스러운 소년. 그 아이가 종말 이후의 세상을 가로질러 위험한 모험을 시작한다. 퉁명스러운 보호자와 함께, 어딘가 있을 새로운 시작을 찾아.",,
119,라이어 게임,,(2007),"순진하고 정직한 여대생 칸자키 나오(토다 에리카)가 엄청난 금액의 돈이 걸린 수수께끼 게임에 휘말려 벌어지는 이야기. 나오는 어느 날 정체불명의 비디오와 거액의 돈을 받고 반강제적으로 라이어 게임에 참여하게 되고, 막 교도소에서 출소한 천재 사기꾼 아키야마 신이치(마츠다 쇼타)에게 부탁해 같이 라이어 게임 토너먼트에 참가한다.",,
120,원헌드레드,,(2014),"지구가 핵전쟁으로 황폐해지고 한 세기의 시간이 흐른 뒤, 우주 정거장에 살던 사람들 100명이 인류의 생존 가능성을 알아내기 위해 지구로 보내진다.",,
121,언포가튼,,(2015),"39년 전에 살해됐던 청년, 제임스 설리번의 시체가 알링햄 하우스의 저장고에 묻힌 채로 발견된다. 어두운 과거를 잊고 살아가던 관련자들. 그리고 진실을 찾아 과거를 파헤치는 캐시와 써니. 하나씩 밝혀지는 진실 앞에 죄인들은 속죄의 눈물을 흘린다.",,
122,스테이션 일레븐,,(2021),"인류의 99.9%를 휩쓸어버린 팬데믹 20년 후, 생존 이상의 의미를 찾기 위해 세상을 떠도는 남겨진 사람들의 이야기를 그린 포스트 아포칼립스 드라마",,
123,배드 시스터즈,,(2022),친밀한 관계의 가비 자매들은 늘 서로를 보살펴 왔다. 자매들의 형부가 죽자 형부의 생명 보험 회사는 악의에 의한 살인임을 입증하기 위한 수사를 시작하고 살인 동기가 충분한 자매들에게 집중한다.,,
124,뤼팽,,(2021),"한 남자가 뼈아픈 배신을 겪은 가족을 위해 복수의 칼을 품는다. 그리고 새로운 전설이 시작된다. 오마르 시 주연으로, 괴도 아르센 뤼팽을 현대적으로 재해석한 작품.",,
125,비밀의 숲,,(2017),"감정을 느끼지 못하는 외톨이 검사 황시목이, 정의롭고 따뜻한 형사 한여진과 함께 검찰 스폰서 살인사건과 그 이면에 숨겨진 진실을 파헤치는 내부 비밀 추적극. 처음엔 검찰 조직 내부의 비리에서 촉발된 것으로 보였던 사건은 범인의 의도도, 향방도 알 수 없는 미궁에 빠지는데...",,
126,쌍갑포차,,(2020),"늦은 밤, 낯선 곳에 나타나는 의문의 포장마차와 그곳에서 벌어지는 이야기. 야심한 밤, 어디선가 누군가에 힘든 일이 생기면 나타나는 의문의 포장마차. 월주 이모가 따라주는 신묘한 술을 마시면 갑갑한 현실에 솟아날 구멍이 보인다는 그곳. 터치만 했다하면 남의 속마음이 들리는 특이체질 강배는 쌍갑포차를 찾게 되는데...",,
127,로스트,,(2004),"2004년 9월 ABC에서 방영을 시작한 미스테리 스릴러. 남태평양의 한 섬에 오세아닉 815 항공기가 불시착하지만 동체 부분과 후미 부분이 부서지며 공중분해되면서 이름모를 섬에 떨어진다. 의사, 이송 중이던 죄수, 전직 이라크군, 로큰롤 가수 등 다양한 직업을 가진 그들은 구조되어 살아남기 위해 여러 방법을 동원한다. 하지만 구조대는 오지 않고, 밤이 되자 정글 안에서는 무시무시한 소리가 들려온다. 서서히 다가오는, 그러나 보이지 않는 정체 불명의 괴물과 괴이현상들. 고립된 생존자들은 점점 두려움에 빠져들고 극한의 상황으로 내몰리게 된다.",,
128,외톨이 THE ROCK!,,(2022),"동영상 투고 사이트에서 평판이 자자한 기타리스트 고토 히토리는 기타밖에 모르는 외로운 소녀였다. 어느 날, 기타리스트를 찾고 있던 이지치 니지카를 만나 그녀의 밴드 '결속 밴드'에 가입한 히토리는 새로운 세계에 발을 들이게 되는데…",,
129,매니페스트,,(2018),"몬테고 비행기 828기가 사라지고 5년이 지난 어느 날 비행기가 다시 나타난다. 승객들은 모두 무사했지만 자신들이 알지 못하는 사이 5년이란 시간이 흘러버렸음을 알게 되고, 모든 것들이 변해버린 상황에 닥친 이야기",,
130,저스티파이드,,(2010),엘모어 레너드의 소설 캐릭터 '레일런 기븐스'를 주인공으로 한 21세기 웨스턴 드라마. 레일런은 고향인 켄터키 주 할랜으로 돌아와 자신만의 정의를 실현하고자 한다.,,
131,쓸쓸하고 찬란하神: 도깨비,,(2016),"2016년 12월 tvN에서 방영을 시작한 드라마. 도깨비 설화를 모티브로 김은숙 작가가 3년 전부터 기획하였으며 사극과 현대극을 오가는 판타지적인 요소를 강조한 드라마이다. 당신이 세상에서 멀어지고 있을 때 누군가 세상 쪽으로 등을 떠밀어 주었다면, 그건 신이 당신 곁에 머물다 가는 순간이다.불멸의 삶을 끝내기 위해 인간 신부가 필요한 도깨비, 그리고 그와 기묘한 동거를 시작한 기억상실증 저승사자. 그런 그들 앞에 도깨비 신부라 주장하는 죽었어야 할 운명의 소녀가 나타나며 벌어지는 신비로운 낭만 설화.",,
132,오월의 청춘,,(2021),"1980년 5월, 역사의 소용돌이 한가운데 운명처럼 서로에게 빠져버린 희태와 명희의 아련한 봄 같은 사랑 이야기를 담은 레트로 휴먼 멜로드라마",,
133,본즈,,(2005),"워싱턴 D.C.의 제퍼소니안 재단의 연구소 소속 법인류학자인 템퍼런스 브레넌 박사와 FBI 워싱턴 지국 요원인 실리 부스, 그리고 브레넌 박사의 팀이 뼈만 남다시피한 시신을 조사해 해결하는 내용으로 실제 법인류학자인 '캐시 라익스'의 소설을 각색해 제작되었으며 국내에도 '본즈'라는 제목으로 원작 소설 시리즈가 발매되었다.",,
134,IT 크라우드,,(2006),게으른 IT 괴짜들과 기술에는 젬병인 상사. 이들이 고위 간부들을 상대하고 우왕좌왕 사회생활을 펼쳐가는 별 볼 일없는 이야기,,
135,그리고 아무도 없었다,,(2015),"'인디언 섬'이라고 불리는 외딴섬에 8명의 사람이 초대받고 오게 되고, 한명씩 의문의 살해를 당하게 되면서 일어나는 이야기. 추리소설의 여왕 애거서 크리스티 장편소설을 원작으로 한다.",,
136,참드,,(1998),"Three sisters (Prue, Piper and Phoebe) reunite and unlock their powers to become the Charmed Ones, the most powerful good witches of all time, whose prophesied destiny is to protect innocent lives from evil beings such as demons and warlocks. Each sister possesses unique magical powers that grow and evolve, while they attempt to maintain normal lives in modern day San Francisco.",,
137,더 크라운,,(2016),"2016년 11월 Netflix에서 방영을 시작한 대하 드라마. 영국 엘리자베스 2세의 재위 중 펼쳐진 정치적 투기와 로맨스, 그리고 20세기 후반 세계의 지각을 형성한 사건들을 엮어낸 드라마. 제2차 세계대전 후 대영제국의 해는 저물고 전쟁의 상흔을 이겨내고자 고군분투하던 영국. 그 중심에 선 한 여인이 욕망이 아닌 순전히 의무에 의해 왕위에 오르는데...",,
138,9-1-1: 론 스타,,(2020),"뉴욕에서 경찰로 근무하다 아들과 함께 텍사스주 오스틴으로 이사한 주인공이 자신의 개인적인 문제를 해결하기 위해 노력하며, 사람들을 돕는 이야기",,
139,응답하라 1988,,(2015),"2015년 11월 tvN에서 방영을 시작한 드라마. 대한민국에서 가장 많다는 1971년생, 마흔다섯의 성덕선. 덕선이 열여덟이던 1988년, 건국 이래 최고의 행사인 서울 올림픽이 열렸고 학력고사를 치르던 1989년, 베를린 장벽이 무너졌다. 대학에 입학하던 1990년, MBC 라디오 배철수의 음악캠프가 시작됐다. 누구에게나 내가 살아온 시대는 특별하기에 그날들을 선명히 기억한다. 월급날 아버지가 사오던 누런 통닭 봉투, 이불 깊숙이 아버지의 밥공기를 넣어 놓던 어머니, 온 가족이 도란도란 모여 앉아 보던 한 지붕 세 가족... 앞집, 옆집, 뒷집 너나없이 나누고 살았던 골목 이웃들을 기억한다.",,
140,로 앤 오더: 성범죄 전담반,,(1999),추악한 성범죄를 수사하는 뉴욕 경찰 성범죄전담수사반의 활약을 그린 드라마.,,
141,트루스 비 톨드,,(2019),범죄 팟캐스트의 세계로. 옥타비아 스펜서가 위험을 무릅쓰고 진실과 정의를 좇는 팟캐스터 포피 파넬 역을 맡아 열연을 펼친다. NAACP 이미지 어워드 수상작.,,
142,엘리멘트리,,(2012),고전 소설 셜록 홈즈의 현대판으로 전설적인 탐정 셜록 홈즈가 조안 왓슨 박사와 함께 뉴욕 경찰의 최대 난제들을 해결한다.,,
143,ドラゴンボールゼット,,(1989),"흥미진진한 드래곤 볼! 계속되는 이야기! 성장한 손오공이 치치와 결혼하여 손오반이라는 아들까지 둔 모습을 보여주고 있다. 어느 날 우주로부터 형 라데츠가 찾아와 지구를 멸망시키려고 하며 손오공에게 동참할 것을 설득한다. 하지만, 자신의 설득이 먹혀들지 않자 조카인 오반을 납치한다. 오공과 피콜로가 합심하여 라데츠를 물리치지만, 오공도 죽어버리는 사태가 발생한다. 지구를 위해, 그리고 우주를 위해 싸우는 Z 용사들!",,
144,블리치,,(2004),"'쿠로사키 이치고'는 유령을 볼 수 있는 15세의 남자다. 특수한 체질을 가지고도 평범한 생활을 하던 이치고에게 갑자기 스스로를 사신이라고 소개하는 소녀 '쿠치키 루키아'가 나타난다. 유아울러 산 사람, 죽은 사람 안 가리고 공격해서 영혼을 먹어치우는 나쁜 혼령 '호로'도 모습을 드러낸다. 그런데 호로로 인해 이치고의 가족이 쓰러져가는데...",,
145,파운데이션,,(2021),"아이작 아시모프의 소설 원작. 은하 제국의 멸망이 다가오자, 인류를 구하고 문명을 재건하기 위해 나선 망명자들의 장대한 여정을 그린다.",,
146,못 말리는 패밀리,,(2003),못 말리는 가족들이 함께 가업을 잇고자 고군분투하는 모습을 코믹하게 그려낸 가족 코미디,,
147,애로우: 어둠의 기사,,(2012),스탈링 시티의 잘나가는 재벌 2세 올리버 퀸은 아버지와 보트 여행에 나섰다가 태풍을 만나 난파를 당한다. 그는 5년 동안 외딴 섬에 표류되어 생존을 위한 처절한 사투를 벌이고 마침내 고향으로 돌아온다. 아버지의 유언에 따라 스탈링 시티의 엘리트 범죄자들을 사냥하기위해 스스로 자경단원을 자처하는 올리버퀸. 그러나 그의 앞날에는 그의 상상보다 더 큰 진실과 음모가 기다리고 있는데...,,
148,뱀파이어 다이어리,,(2009),"L. J. 스미스의 뱀파이어 다이어리 소설 시리즈 원작. 뉴욕 외곽도시, 미스틱 폴즈의 한 고등학교를 배경으로 두 뱀파이어 형제 스테판과 데미언, 그리고 인간 소녀 엘레나의 로맨스를 그린다.",,
149,쉐임리스,,(2011),미국 시카고 후미진 마을에서 힘겹게 살고 있는 싱글 대디 프랭크와 총명하고 독립적인 그의 여섯 자녀들의 리얼한 이야기,,
150,CSI: 라스베가스,,(2000),"2000년 10월 CBS에서 방영을 시작한 범죄수사물. 최첨단 장비와 과학적인 분석으로 미궁속의 사건을 해결해 가는 라스베가스 시경 과학수사과 심야근무반. 17년 경력의 베테랑 길 그리섬, 혼자서 키우는 딸과 직장 사이에 균형을 잃지 않으며 항상 최선을 다하는 캐서린 윌로스, 도박의 유혹을 뿌리치지 못하지만 날카로운 분석력을 보유한 워릭 브라운, 하바드 출신의 새라 사이들, 그리고 매력적인 남자 닉 스톡스 등 5명이 한 팀으로 구성된 이들은 사건이 미궁에 빠질 때마다 첨단 기술과 예리한 분석력으로 결정적인 단서와 증거를 확보하여 진범을 가려내기 위해 365일 24시간을 투자한다.",,
151,머독 미스터리,,(2008),1895년 빅토리아 시대 캐나다 토론토를 배경으로 형사 윌리엄 머독이 해박한 과학지식으로 사건을 해결해나가는 과정을 통해 당시 캐나다 사회의 어두운 부분을 조명한다.,,
152,11.22.63,,(2016),"시간여행자가 존 F. 케네디의 암살을 막는다는 내용의 스티븐 킹 원작을 기반으로 한 드라마. 제목의 11.22.63은 1963년 11월 22일로, 바로 케네디가 암살된 날이다.",,
153,업로드,,(2020),"2033년, 인간은 자신이 선택한 가상 디지털 방식의 사후세계로 스스로를 ""업로드""할 수 있다. 컴퓨터 프로그래머인 네이선이 자율주행차 사고로 젊은 나이에 죽게 되자, 그는 매우 비싼 돈을 내야하는 가상의 디지털 사후세계인 ""레이크 뷰""에 업로드되지만, 곧 소유욕이 강하고 아직 살아 있는 여자친구 잉그리드의 손아귀에 넘어가게 된다. 네이선은 디지털 사후세계인 ""레이크 뷰""의 장단점에 적응하면서, 그의 살아있는 고객 서비스 담당자인 노라와 유대감을 형성하게 된다. 노라는 직업의 압박감, 업로드되고 싶지 않은 그녀의 아버지, 네이선에 대한 커져가는 감정과 함께 네이선이 살해당했다고 서서히 믿게 된다.",,
154,스토브리그,,(2019),"팬들의 눈물마저 마른 꼴찌팀에 새로 부임한 단장이 남다른 시즌을 준비하는 뜨거운 겨울 이야기. 프로야구 경제적 효과 2조원, 프로야구 관중 800만 시대, 역동적인 그라운드, 진한 땀 냄새에 열광하는 프로야구 팬들의 취향 저격하는 이야기. 선수가 아닌 단장을 비롯한 프런트들의 이야기다. 프로 스포츠의 조연인 프런트를 쫓아가는 이 드라마는 사실 그들이 단순 그림자가 아닌 겨울 시즌의 또 다른 주인공임을 보여줄 것이다.",,
155,트랜스플랜트,,(2020),"시리아 난민인 바시르 하메드가 일하던 식당에 트럭이 돌진하는 사고가 발생하고, 바시르는 아수라장이 된 식당에서 부상을 입은 상태에서도 여러 다친 사람들을 구하다가 정신을 잃는다. 바시르가 구급차에 실려 도착한 곳은 요크 메모리얼 병원의 응급실. 병원에서 치료받아야 할 바시르는 어찌 된 일인지 몰래 도망치려 하지만 번번이 붙잡히고, 경찰은 그런 바시르를 수상쩍게 여기는데...",,
156,미란다,,(2009),"185cm의 큰 키를 가진 여성 미란다(미란다 하트)는 어렸을 때부터 친구인 스티비(사라 하드랜드)와 삼촌이 물려주신 유산으로 마련한 장난감 가게를 운영한다. 미란다의 엄마 페니(패트리시아 호지)는 미란다가 제대로 된 직장과 남편을 구하기를 원해 미란다를 사교 모임에도 데려가지만, 사교적인 사회 상황에 익숙하지 않은 미란다는 그곳에서도 엉뚱한 실수를 연발한다. 어느 날 고등학교 동창 모임을 위해 장난감 가게 옆의 레스토랑에 간 미란다는 그곳에서 쉐프로 일하고 있는 자신의 대학 친구 개리(톰 엘리스)를 발견하고, 친절하고 잘생긴 그를 좋아하기 시작한다.",,
157,블루 록,,(2022),"세계 제일의 에고이스트가 아니면,

세계 제일의 스트라이커가 될 수 없다.

일본을 월드컵 우승으로 이끌 스트라이커를 육성하기 위해

일본 축구 연맹은 어떤 계획을 내세웠다. 그 이름은 '블루 록(푸른 감옥)' 프로젝트.

그렇게 해서 모인 300명의 고등학생들.

거기에다 모두 FW(포워드) 포지션이었다.

299명의 축구 생명을 희생시켜 탄생할,

일본 축구에 혁명을 불러일으킬 스트라이커는 과연?

지금, 역사상 가장 뜨겁고 정신 나간 축구 애니메이션이 개막한다.",,
158,커뮤니티,,(2009),"학위 때문에 변호사 면허를 정지당한 제프는 지역 커뮤니티 대학에 들어가고, 그곳에서 독특한 구성원들로 이루어진 스터디 그룹과 함께 대학생활을 하게 된다.",,
159,The Capture,,(2019),영국 군인이 범죄 혐의로 기소됐다. 그의 사건을 맡은 끈질긴 젊은 형사는 사건에 얽힌 심층적인 음모를 밝혀내기 시작한다.,,
160,캐슬,,(2009),유명 추리작가의 소설에 나온 살인 방법을 재현한 사건이 일어나면서 그 작가인 리처드 캐슬이 뉴욕 경찰 강력계 형사인 케이트 베켓의 수사를 도우면서 독특한 파트너 관계가 형성된다.,,
161,배리,,(2018),청부살인업자 배리가 마지못해 LA로 누군가를 죽이러 가게 되면서 벌어지는 코미디 이야기,,
162,12 몽키즈,,(2015),"종말론 이후, 미래에 사는 시간 여행자가 자신의 힘을 사용하여 현재로 돌아오고, 인류를 말살할 전염병을 막기 위해 노력한다.",,
163,이블,,(2019),"냉소적인 심리치료사가 사제 그리고 노동자와 함께 기적이라 여겨지는 것들, 악령에 빙의된 사례 등 비범한 현상들을 조사한다. 과학적으로 설명될 수 있는지 아니면 정말 초자연적인 힘이 있는 것인지 알아보기 위함이다.",,
164,커브 유어 엔수지애즘,,(2000),"래리는 새 파일럿 쇼 제작에 돌입한다. 그의 쇼는 아이템 제안 때부터 넷플릭스의 좋은 반응을 끌어내며 순조롭게 출발하지만, 전혀 예기치 않은 사고와 사건들 때문에 번번이 위기를 맞는다.",,
165,하트스토퍼,,(2022),학교에서 만나 친구가 된 찰리와 닉. 우정인 줄만 알았는데 둘 사이에 그 이상의 감정이 싹튼다. 10대들의 학교생활과 풋풋한 사랑을 다룬 성장 드라마 시리즈.,,
166,품위있는 그녀,,(2017),여기 욕망의 군상들이 민낯을 드러내고 아우성치는 세상이 있다. 이것은 그 가운데 마주한 두 여인의 엇갈린 삶... 그리고 그녀들의 선택이 들려주는 이야기다. 이 드라마의 주 배경과 인물은 강남의 센터에 위치한 부유층 상류사회와 그 상류사회에 입성하기 위한 하류들이다. 드라마에서 흔히 다루던 재벌들이 아닌 서민들과의 접촉이 비교적 용이한 그런 준재벌 부유층들이다. 그들의 적나라한 싸움과 암투 그리고 상류층 부자들의 거만하고 가식적인 삶은 그 허상을 드러내며 균열하는 모습을 보여준다. 상류층 엿보기와 불륜만큼 드라마에서 많이 우려먹은 소재도 없다. 하지만 이 흔한 테마의 독특한 변주는 이 드라마가 기존의 드라마와 어떻게 차별화되고 얼마나 특별한지를 보여줄 것이다.,,
167,웨어하우스 13,,(2009),"초자연적인 신비한 유물들을 보관하고 있는 '웨어하우스 13'번 창고, 비밀 경호국의 피토와 마이카 이 두 요원이 세상을 위험에 빠트리는 유물들을 찾아 이 창고에 봉인하는 이야기를 다룬 드라마",,
168,시카고 메드,,(2015),"대도시 시카고에 위치한 병원을 배경으로, 매일 반복되는 아수라장 속에서 다양한 사건 사고와 마주하며 함께 난관을 헤쳐나가는 의료진들의 이야기를 그리는 메디컬 드라마",,
169,마법사의 신부,,(2017),"하토리 치세는 돌아갈 곳도, 살아갈 이유도, 먹고 살 기술도 그 무엇도 없는 15살 소녀였다. 단 한가지, 태어날 때부터 가지고 있는 힘을 제외하고. 그런 치세를 제자로서 그리고 미래의 신부로서 거둔 사람은 바로 신기한 모습을 한 마법사 엘리어스였다. 유구의 시간을 살아온 마법사의 삶 속에서 치세는 중요한 무엇인가를 조금씩 되돌려나간다. 이것은, 세상의 아름다움을 기록하기 위한 이야기.",,
170,라자루스 프로젝트,,(2022),세계 멸망을 막기 위해 구성된 단체 '라자루스 프로젝트'는 전 지구적 멸망이 예견되면 시간을 되돌릴 수 있다. 이걸 알게 된 신입 요원 조지는 세계의 운명과 사랑을 놓고 모든 걸 걸어 보려고 한다.,,
171,레가시,,(2018),오리지널스의 스핀오프 드라마,,
172,스파이 패밀리,,(2022),"사람은 누구나 아무에게도 보여줄 수 없는 자신을 갖고 있다.

세계 각국이 물밑에서 치열하게 정보전을 펼치는 시대.

오스타니아와 웨스탈리스는 십수 년간에 걸쳐 냉전 상태에 있었다.

웨스탈리스의 정보국 대동과 'WISE' 소속의 수완가 스파이인 '황혼' 은 동서 평화를 위협하는 위험인물, 오스타니아의 국가통일당 총재 도노반 데스몬드의 동향을 살피기 위해 어떤 극비 임무를 수행하게 된다.

그 이름은 오퍼레이션 '올빼미'.

임무 내용은 ""일주일 이내에 가족을 만들어, 데스몬드의 아들이 다니는 명문 학교의 친목회에 잠입하라"".

'황혼' 은 정신과 의사 로이드 포저로 위장하고 가족을 만들게 된다.

하지만, 그가 만난 딸 아냐는 마음을 읽을 수 있는 초능력자, 아내 요르는 암살자였다!

3명의 이해가 일치하여 서로 정체를 숨기면서 함께 생활하게 되는데.

해프닝 연속인 임시 가족에게, 세계의 평화는 맡겨졌다...",,
173,에이전트 오브 쉴드,,(2013),"마블 어벤져스의 필 콜슨 요원이 돌아왔다! 뉴욕 사건 이후 콜슨 요원을 중심으로 탄생한 지구 최강의 평화 유지 조직. 인류를 위협하는 이상한 사건들, 우리가 접수한다. 마블 어벤져스의 뉴욕 사건으로 지구에 유입된 외계 생명체들을 수사하고자, 각 분야 최고의 요원들이 한자리에 모였다.",,
174,콜드 케이스,,(2003),"필라델피아 강력계 형사, 릴리 러시를 중심으로 구성된 미제 사건 전담반이 오랫동안 잊혀진 미해결 사건들을 새로운 관점에서 추적해 가는 과정을 그린다.",,
175,The Falcon and The Winter Soldier,,(2021),2021년 3월 Disney+에서 방영을 시작한 미니시리즈. 어벤져스: 엔드게임 이후로 다시 뭉친 두 사람은 팀을 이루어 세계를 무대로 모험을 펼치며 자신들의 능력과 인내심을 시험받는다.,,
176,헌터x헌터 (2011),,(2011),주인공 곤 프릭스는 아버지 진 프릭스를 찾기 위해 헌터 시험에 응시한다. 그리고 그곳에서 새로운 친구들과 만나 모험을 떠난다.,,
177,탑 기어,,(2002),"볼보, 포르쉐, 재규어 등 세계 명차들의 짜릿한 배틀을 보여주는 프로그램",,
178,레인,,(2013),"생후 며칠 만에 즉위했던 스코틀랜드의 여왕, 메리 스튜어트의 열정적인 젊은 시절을 담은 시대극 드라마",,
179,볼드 타입,,(2017),뉴욕의 여성 라이프스타일 잡지사. 세 20대 여성이 멋진 커리어와 진한 우정을 쌓아가는 곳이다. 뜨거운 청춘답게 로맨스도 놓치지 않은 그녀들. 화려하지만 정신없이 바쁜 대도시 삶 속에서 자신만의 목소리도 발견해 간다고.,,
180,더 루키,,(2018),이혼 후 은행 강도를 당한 일을 계기로 LAPD에 지원한 40세의 최고령 신입을 중심으로 펼쳐지는 이야기,,
181,클로저,,(2005),증거가 없는 범죄의 자백을 받아내기로 유명한 LAPD 국장 브렌다가 능력을 발휘해 어려운 사건들을 해결해 나가는 과정을 그린 드라마,,
182,슈타인즈 게이트,,(2011),"무대는 2010년 여름의 아키하바라. 중증 중2병에서 아직도 헤어나오지 못한 대학생 오카베 린타로는, 「미래가젯트 연구소」를 설립하여, 용도불명의 희괴한 발명품들을 만들어 내고 있었다. 그러나 어느 날, 우연히 그들은 과거로 문자 메시지를 보낼 수 있는 「타임머신」을 만들어내고 만다. 세기의 발명에 흥분을 억누르지 못하고, 흥미 본위로 과거에 대한 간섭을 되풀이하는 오카베 일행. 그 결과, 세계를 휘말리게 하는 커다란 비극이 오카베 일행 앞에 찾아오게 되었다. 그리고 그 비극을 벗어나기 위한, 오카베의 고독한 싸움이 시작된다. 과연 그는 운명을 뒤바꾸고, 그것을 뛰어넘어 극복해낼 수 있을 것인가?",,
183,맨헌트,,(2017),악명 높은 폭탄 테러범 유나바머. 그의 희생자는 늘어가는데 단서는 찾을 수 없다. 대중 사이에 퍼져나가는 공포. 마침내 FBI는 새로운 타입의 프로파일러를 불러온다.,,
184,24,,(2001),2001년 미국의 FOX에서 방영한 미드로 대테러조직 CTU(Counter Terrorist Unit)의 인간 병기요원 잭 바우어가 미국의 안전을 위협하는 테러를 막기 위해 활약하는 내용을 담고있다. 한 시즌의 에피소드가 24개이며 에피소드 한편이 1시간동안 벌어지는 일을 담고 있어서 한 시즌이 하루동안(24시간)에 일어난 사건이 된다.,,
185,Bleach: Sennen Kessen-hen,,(2022),"The peace is suddenly broken when warning sirens blare through the Soul Society. Residents are disappearing without a trace and nobody knows who's behind it. Meanwhile, a darkness is approaching Ichigo and his friends in Karakura Town.",,
186,플레이리스트,,(2022),스웨덴의 젊은 IT 사업가와 그의 파트너들. 합법적인 음원 스트리밍 플랫폼을 만들어 음악 산업계에 혁신적인 지각변동을 일으킨다. 그 실화를 바탕으로 만든 픽션 시리즈.,,
187,화이트 칼라,,(2009),매력적인 사기꾼 닐 카프리는 감옥에서 용케 도망치지만 숙적인 FBI 요원 피터 버크에게 다시 붙잡힌다. 별다른 선택지가 없자 그는 미래의 자유를 얻는 조건으로 FBI가 신출귀몰한 범죄자들을 체포하는 일에 협력한다. 하지만 그는 곧 자신을 감옥으로 돌려보내거나 죽길 바라는 자들의 손아귀에서 놀아나고 있을 뿐이라는 걸 깨닫는다.,,
188,스몰빌,,(2001),우리에게 슈퍼맨으로 친숙한 클라크 켄트의 유년기를 새로이 재조명한 워너 브라더스사의 SF시리즈물 드라마,,
189,블랙,,(2017),"죽음을 지키는 死자 송승헌, 죽음을 예측하는 女자 고아라를 만나다! 죽음의 운명을 지닌 자의 영혼을 수거하는 죽음의 死자 '블랙'과 죽음을 예측하는 능력으로 사람을 구하려는 오지라퍼 인간 女자 '하람'이 신의 뜻을 거스르고 인간의 삶과 죽음에 관여하며 벌어지는 생사 예측 미스터리!",,
190,길디드 에이지,,(2022),도금 시대의 미국 뉴욕. 엄청난 경제적 변화와 갈등 속에서 펜실베이니아 출신의 젊은 여성 메리언은 자신의 운명을 개척하고자 한다.,,
191,스콜피온,,(2014),"스콜피온이라 불리는 천재 월터 오브라이언의 실화를 다룬 드라마로, 그가 또다른 천재들을 고용해 그들과 함께 이 세상에 존재하는 복잡한 문제들을 해결해나가는 이야기",,
192,나만 빼고 초능력,,(2023),"18세 이상이 되면 누구나 초능력이 생기는 세상. 25세에도 아직 초능력이 없는 제니퍼만 예외다. 무능력자인 것도 모자라 연애도, 일도 뭐 하나 제대로 이룬 것이 없는 제니퍼는 마음이 불안하기만 하다. 다행히도 그녀에게는 자신의 곁을 지켜주는 든든한 친구들이 있다. 룸메이트이자 절친인 캐리, 캐리의 오랜 남자친구 캐시, 그리고 길고양이 정자왕과 함께, 절망의 연속인 하루하루의 삶 속에서 실오라기 같은 희망을 붙들고 자신의 초능력을 찾으려는 제니퍼. 그녀의 필사적인 노력은 결실을 맺을 수 있을까?",,
193,겁쟁이 페달,,(2013),도쿄 바로 옆인 치바현에 사는 오노다 사카미치. 초등학생때부터 자전거를 타고 왕복 90km나 되는 아키하바라에 다니던 근성 있는 오타쿠 소년이다. 고등학교에 입학해 애니 연구부를 만들려 하지만 이런저런 이유로 인해 결국 실패하고 우연히 그의 자전거에 대한 소질을 알게 된 전학생 나루코의 추천으로 전혀 생각하지도 않았던 자전거부에 들어가 숨겨졌던 재능을 발휘하기 시작하는데....,,
194,척,,(2007),"가전제품 매장 너드 허드에서 근무하는 척(찰스 바토스키).

어느날 저녁, 예전 대학 친구이자 척이 컨닝을 했다는 누명을 씌워 척을 대학에서 쫓아낸 원수인 브라이스 라킨으로부터 메일이 하나 도착한다. 척은 거기에 걸려있던 암호를 풀어 그 내용을 보고 의식을 잃는다.

그 다음날부터 특정 물체나 인물(주로 국가기밀과 관련된 것들)을 보게 되면 갑자기 머릿속에서 자신도 알지 못하는 정보들이 번뜩이게 된다.

사실 그가 봤던 메일의 내용은 CIA와 NSA 두 부서가 합작하여 만든 국가기밀정보를 관리하는 컴퓨터 '인터섹트'의 내용이었다. 모종의 이유로 인터섹트의 데이터를 강탈하고 도주하던 CIA 요원 브라이스 라킨은 이를 척에게 메일로 보낸 것이었다.

브라이스 라킨이 인터섹트를 파괴했기 때문에, 현재 존재하는 인터섹트는 척의 머릿속에 들어있는 것뿐이다. 즉, 척 자체가 인터섹트인 것. 때문에 CIA 요원 한 명과 NSA 요원 한 명이 배정되어 척을 감시/보호하기 위해 투입된다. NSA 요원 존 케이시는 척의 옆집사람이자 척과 같은 마트에 근무하는 직원으로 위장하고, CIA 요원 사라 워커는 척의 여자친구로 위장하는데...",,
195,그림형제,,(2011),"훈훈한 외모의, 미모의 약혼녀까지 겸비한 형사 '닉'은 어느날 괴이한 경험을 하게 된다. 다른 사람들 눈에 보이지 않는 사람들의 숨겨진 얼굴이 보이고, 동화 속 인물들이 현실에 존재한다는 사실을 알게 된다. '그림'의 마지막 후손 닉! 인간들을 공격하는 그들로부터 현실세계를 지키기 위해 그의 특별한 수사가 시작된다.",,
196,프린지,,(2008),인간의 통제 범위를 벗어난 초현실적 사건에 봉착한 FBI 수사관 올리비아가 정신병원에 수감된 천재 과학자 비숍 부자의 도움을 받아 사건을 해결해나가는 과학 미스터리 드라마,,
197,궁,,(2006),"인기만화 '궁'을 원작으로, 평범한 신분의 여고생 채경이 할아버지끼리의 약속 때문에 왕위 계승자인 세자 이신과 정략 결혼을 하면서 벌어지는 이야기. 인화 14년, 현황제의 병이 위독해지자, 태후는 아직 고교생인 황태자 신에게 미리 정해둔 배필과 혼례를 치룰 것을 명한다. 신은 비밀여자친구인 무용과 민효린에게 청혼을 하지만 이를 장난으로 받아들인 효린은 발레리나로서의 성공이 우선이라며 신의 청혼을 거절한다. 한편 잘못 선 빚보증으로 최악의 경제위기 속에 있던 대한민국 평범 고교생 채경의 집은 황실로부터 정혼사실을 통보받고는 일대소동이 벌어진다. 허풍인 줄만 알았던 할아버지의 유언이 사실이었던 것이다. 이미 황태자로서 개인의 삶이란 없다는 것을 잘 아는 신은 누구와 결혼하든 상관없다며 창덕궁 독립과 익위사 축소를 조건으로 평범 고교생인 채경과의 결혼을 담담하게 받아들이기로 한다. 학교에서 우연히 신의 청혼장면을 목격한 적 있던 채경은 정략결혼은 말도 안되는 일이라며 결혼무효를 부르짖는다. 이때 채경의 집으로 들이닥친 채권자들, 온 집안에 빨간 딱지를 붙여놓는데...",,
198,시그널,,(2016),"간절함이 보내온 신호 ""우리의 시간은 이어져있다."" 현재의 형사들과 과거의 형사가 낡은 무전기로 교감을 나누며 장기 미제사건을 다시 파헤친다. 본의 아니게 연예인 스토킹 혐의로 경찰조사를 받게 된 해영은, 그날 밤 경찰서 한 구석에서 낡은 무전기 하나를 발견한다. 무전기를 통해 해영에게 말을 건네는 ‘이재한’이라는 이름의 형사. 놀랍게도 그 사람은 15년 동안 미제로 남아있던 김윤정 유괴사건에 대한 단서를 가르쳐주는데...",,
199,은하영웅전설 Die Neue These,,(2018),"수천 년 후의 미래,우주 공간으로 진출한 인류는 전제 정치의 은하 제국과 민주주의의 자유 행성 동맹이라는 두 개의 다른 정치 체제를 지닌 세력으로 나뉘었다. 이 두 국가의 항쟁은 실로 150년에 이르렀고, 끝없이 펼쳐진 은하를 무대로 끊일 줄 모르는 전투를 반복해 왔다. 오랜 세월 전쟁을 계속하는 두 국가. 은하 제국은 문벌 귀족 사회에 의한 부패가, 자유 행성 동맹은 민주주의의 폐해라고도 할 수 있는 중우정치가 각각 두 국가를 갉아먹고 있었다. 그리하여 우주력 8세기 말 2명의 천재가 등장함으로써 역사가 움직인다. '필승의 천재‘ 라인하르트 폰 로엔그람과 '불패의 마술사'라 불리는 양 웬리가 그들이다. 두 사람은 제국군과 동맹군을 통솔하며 수없이 격돌하는데...!",,
