,TV프로그램,방송년도
0,피지컬: 100,(2023)
1,메이크 마이 데이,(2023)
2,일타 스캔들,(2023)
3,더 글로리,(2022)
4,명탐정 코난: 범인 한자와 씨,(2022)
5,록우드 심령 회사,(2023)
6,Tokyo Revengers,(2021)
7,빈란드 사가,(2019)
8,결혼 말고 동거,(2023)
9,프리리지,(2023)
10,트롤리,(2022)
11,Cunk on Earth,(2022)
12,소녀와 우주비행사,(2023)
13,아우터 뱅크스,(2020)
14,빨간풍선,(2022)
15,기동전사 건담: 수성의 마녀,(2022)
16,밤을 잃은 사람들: 레인 캐슬의 초대,(2019)
17,체인소 맨,(2022)
18,연애대전,(2023)
19,사랑의 이해,(2022)
20,아무것도 하고 싶지 않아,(2022)
21,D.P.,(2021)
22,Red Rose,(2022)
23,인간계 생활기록,(2019)
24,주술회전,(2020)
25,머독 가문의 살인: 미남부 스캔들,(2023)
26,리디아 포에트의 법,(2023)
27,더 크루: 갱랜드,(2021)
28,여신강림,(2020)
29,미씽: 그들이 있었다,(2020)
30,스위트홈,(2020)
31,강철부대,(2021)
32,F1: 본능의 질주,(2019)
33,끝없는 밤,(2023)
34,퍼펙트 매치,(2023)
35,빌 러셀: 레전드,(2023)
36,재벌집 막내아들,(2022)
37,치팅 퀴즈,(2023)
38,Najgwa Bam,(2020)
39,웬즈데이,(2022)
40,상견니,(2019)
41,브레이크 포인트,(2023)
42,월드 온 파이어,(2019)
43,배드 엑소시스트,(2020)
44,스노우 걸,(2023)
45,우리 아빠는 외계인 사냥꾼,(2023)
46,섀도우 앤 본,(2021)
47,지니 & 조지아,(2021)
48,샤흐마란,(2023)
49,퍼스트 러브 하츠코이,(2022)
50,우리가 사랑에 빠졌던 모든 시간,(2023)
51,속녀양성기: 나의 행복 프로젝트,(2019)
52,칼레이도스코프,(2023)
53,바이킹스: 발할라,(2022)
54,마기아 레코드 마법소녀 마도카☆마기카 외전,(2020)
55,걸스파이브에바,(2021)
56,쌍갑포차,(2020)
57,최강야구,(2022)
58,킹스 오브 요버그,(2020)
59,익스체인지,(2023)
60,어른들의 거짓된 삶,(2023)
61,종말의 발키리,(2021)
62,클래스,(2023)
63,인사이드 맨,(2022)
64,마이코네 행복한 밥상,(2023)
65,1899,(2022)
66,샌드맨,(2022)
67,무직전생 ~이세계에 갔으면 최선을 다한다~,(2021)
68,아리스 인 보더랜드,(2020)
69,The Romantics,(2023)
70,철인왕후,(2020)
71,래치드,(2020)
72,어둠 속의 감시자,(2022)
73,섹시파이,(2021)
74,엄브렐러 아카데미,(2019)
75,위쳐,(2019)
76,기예르모 델토로의 호기심의 방,(2022)
77,"군터, 밀리어네어 도그",(2023)
78,사이버펑크: 엣지러너,(2022)
79,"에밀리, 파리에 가다",(2020)
80,캐치! 티니핑,(2020)
81,Eizouken ni wa Te wo Dasu na!,(2020)
82,Bee & Puppycat: Lazy in Space,(2022)
83,애프터 라이프 앵그리맨,(2019)
84,우먼 오브 더 데드,(2022)
85,플로리다에서 신이 되는 법,(2019)
86,다머,(2022)
87,데드 투 미,(2019)
88,더 리크루트,(2022)
89,Love Never Lies: Poland,(2022)
90,프로이트의 살인 해석,(2020)
91,리듬 & 플로우,(2019)
92,환혼,(2022)
93,뤼팽,(2021)
94,"러브, 데스 + 로봇",(2019)
95,No Doubt in Us,(2021)
96,드래곤 에이지: 앱솔루션,(2022)
97,쿵푸팬더: 용의 기사,(2022)
98,Hot Skull,(2022)
99,하트스토퍼,(2022)
100,붉은 꽃 농장,(2022)
101,지옥,(2021)
102,수리남,(2022)
103,위쳐: 블러드 오리진,(2022)
104,Black Space,(2020)
105,레 콩바탕트: 그녀들의 전쟁,(2022)
106,Treason,(2022)
107,황후 엘리자베트,(2022)
108,소년심판,(2022)
109,설국열차,(2020)
110,캔 유 히어 미?,(2019)
111,로보카폴리 쏭쏭뮤지엄,(2020)
112,베이크 스쿼드,(2021)
113,오징어 게임,(2021)
114,90년대쇼,(2023)
115,빅 팀버: 제재소를 지켜라!,(2020)
116,Too Hot to Handle Germany,(2023)
117,그 해 우리는,(2021)
118,아케인,(2021)
119,풀 스윙,(2023)
120,리브 투 리드: 세상을 바꾸는 리더들,(2022)
121,스파이 패밀리,(2022)
122,하프 배드: 선 & 데빌,(2022)
123,파리지앵 파리: 내 안의 프렌치,(2020)
124,퀸스 갬빗,(2020)
125,블링블링 엠파이어: 뉴욕,(2023)
126,Karate Sheep,(2022)
127,브리저튼,(2020)
128,스카이 로호,(2021)
129,저 너머의 아스트라,(2019)
130,버니 메이도프: 월가의 괴물,(2023)
131,플레이리스트,(2022)
132,로크 앤 키,(2020)
133,트라이얼 바이 파이어,(2023)
134,러시아 인형처럼,(2019)
135,어둠 속의 미사,(2021)
136,링컨 차를 타는 변호사,(2022)
137,파이어플라이 레인,(2021)
138,"마왕학원의 부적합자 ~사상 최강의 마왕인 시조, 전생해서 자손들의 학교에 다니다~",(2020)
139,클레오,(2022)
140,이건 누명이야! 시칠리아 살인 미스터리,(2022)
141,미래일기,(2021)
142,Entrapped,(2022)
143,"펩시, 내 제트기 내놔!",(2022)
144,닥터 샌더스의 위대한 진단,(2019)
145,스위트 투스: 사슴뿔을 가진 소년,(2021)
146,아프리칸 퀸: 은징가,(2023)
147,믿을 수 없는 이야기,(2019)
148,블루 피리어드,(2021)
149,작은 아씨들,(2022)
150,벗어던지고 자유롭게,(2021)
151,지금 우리 학교는,(2022)
152,코펜하겐 카우보이,(2023)
153,섹스/라이프,(2021)
154,오티스의 비밀 상담소,(2019)
155,마이클 조던: 더 라스트 댄스,(2020)
156,지구 밖 소년소녀,(2022)
157,페르소나,(2019)
158,우리의 지구,(2019)
159,해리와 메건,(2022)
160,엄마는 둘밖에 없지,(2021)
161,집에서 가장 먼 곳으로,(2022)
162,나는 SOLO <나는 솔로>,(2021)
163,은밀한 회사원,(2021)
164,다크 크리스탈: 저항의 시대,(2019)
165,연애 실험: 블라인드 러브,(2020)
166,크리스마스 스톰,(2022)
167,어쩌다 대선 후보,(2023)
168,외성여생시소칠 : 내 여자친구는 외계인,(2019)
169,뿌이뿌이 모루카,(2021)
170,Shanty Town,(2023)
171,이상한 변호사 우영우,(2022)
172,사랑의 불시착,(2019)
173,The Circle,(2020)
174,워리어 넌: 신의 뜻대로,(2020)
175,길 위의 셰프들,(2019)
176,메시아,(2020)
177,언더 파이어,(2021)
178,스마일리,(2022)
179,페이트: 윙스의 전설,(2021)
180,댄스 몬스터스,(2022)
181,자정 클럽,(2022)
182,프롬 스크래치,(2022)
183,바바리안,(2020)
184,고대의 아포칼립스,(2022)
185,관음증 그녀,(2023)
186,내하BOSS요취아 - 보스와의 계약결혼,(2019)
187,바티칸 걸: 에마누엘라 오를란디 실종 사건,(2022)
188,CAT,(2022)
189,오스만 제국의 꿈,(2020)
190,온리 포 러브,(2022)
191,눈이 부시게,(2019)
192,Les papillons noirs,(2022)
193,마이 네임,(2021)
194,Indian Predator: Murder in a Courtroom,(2022)
195,어둠 속으로,(2020)
196,아픈 건 싫으니까 방어력에 올인하려고 합니다,(2020)
197,데빌 인 오하이오,(2022)
198,나를 좋아하는 건 너뿐이냐,(2019)
199,프레셔 쿠커: 압박감을 요리하라,(2023)
